subreddit,rank,keyword,tfidf_score
politics,1,mueller,0.0722685071970439
politics,2,trump,0.07209280680204816
politics,3,barr,0.06838831889116236
politics,4,report,0.0489885051391047
politics,5,any,0.04389841358862697
politics,6,politics,0.028790947748727893
politics,7,president,0.025450324594981998
politics,8,congress,0.023281129835289308
politics,9,letter,0.020770098638636995
politics,10,obstruction,0.020640812556183927
politics,11,senate,0.020370988605878146
politics,12,general,0.019321552139413556
politics,13,compose,0.019002132394454214
politics,14,republicans,0.018399534364805882
politics,15,investigation,0.01775158523784506
politics,16,summary,0.017578678092654634
politics,17,doj,0.017124457996081744
politics,18,media,0.017022743603365236
politics,19,justice,0.016966883063321333
politics,20,point,0.016826873534450323
relationship_advice,1,relationship,0.052498314494640555
relationship_advice,2,feel,0.042285126998984776
relationship_advice,3,tell,0.0350362480848731
relationship_advice,4,never,0.034130138220609146
relationship_advice,5,any,0.031298826348033264
relationship_advice,6,life,0.02869347903502539
relationship_advice,7,best,0.027988373561222052
relationship_advice,8,better,0.026579222685076145
relationship_advice,9,talk,0.025975149442233506
relationship_advice,10,love,0.025580771534450264
relationship_advice,11,let,0.024978871027757317
relationship_advice,12,guy,0.024464966335126907
relationship_advice,13,work,0.02355885647086295
relationship_advice,14,might,0.02325681984944163
relationship_advice,15,friends,0.02273634074863909
relationship_advice,16,find,0.02257126900098553
relationship_advice,17,years,0.022130038328675383
relationship_advice,18,sounds,0.02204867336375635
relationship_advice,19,long,0.021746636742335027
relationship_advice,20,try,0.02136746798759963
AmItheAsshole,1,nta,0.1332256885269342
AmItheAsshole,2,yta,0.06085146326471866
AmItheAsshole,3,any,0.04443924147311175
AmItheAsshole,4,asshole,0.03600545743535432
AmItheAsshole,5,amitheasshole,0.032089415314080744
AmItheAsshole,6,esh,0.027307004018592037
AmItheAsshole,7,feel,0.024844104752703704
AmItheAsshole,8,sex,0.02472712333345249
AmItheAsshole,9,parents,0.02472712333345249
AmItheAsshole,10,work,0.024544778189418116
AmItheAsshole,11,compose,0.024314261088158165
AmItheAsshole,12,kids,0.023433629783675598
AmItheAsshole,13,nah,0.022532336330457304
AmItheAsshole,14,action,0.021551512556562246
AmItheAsshole,15,performed,0.020530837542159838
AmItheAsshole,16,life,0.01975555317684873
AmItheAsshole,17,better,0.01945622661356314
AmItheAsshole,18,relationship,0.01943187094263713
AmItheAsshole,19,without,0.019156900050277554
AmItheAsshole,20,year,0.018998607472771083
SquaredCircle,1,wwe,0.08734684638412962
SquaredCircle,2,match,0.038159902588707044
SquaredCircle,3,vince,0.03554371879972389
SquaredCircle,4,wrestling,0.03551614042675113
SquaredCircle,5,show,0.034734584072163135
SquaredCircle,6,shit,0.030682215930410768
SquaredCircle,7,man,0.026050938054122348
SquaredCircle,8,nxt,0.02552621335161211
SquaredCircle,9,great,0.02373529911597814
SquaredCircle,10,since,0.02315638938144209
SquaredCircle,11,raw,0.02312998771415941
SquaredCircle,12,every,0.023073100268902278
SquaredCircle,13,becky,0.023049805245350743
SquaredCircle,14,pretty,0.022577479646906037
SquaredCircle,15,last,0.02249627276217972
SquaredCircle,16,matches,0.02188456589344207
SquaredCircle,17,years,0.021498703931178833
SquaredCircle,18,roman,0.020490081015433342
SquaredCircle,19,never,0.020261840708761827
SquaredCircle,20,any,0.020188962735289494
MortalKombat,1,game,0.052977706578919044
MortalKombat,2,character,0.036316038940915146
MortalKombat,3,play,0.03618713644327472
MortalKombat,4,noob,0.035873352311367
MortalKombat,5,krypt,0.033528675333423304
MortalKombat,6,pretty,0.029402048360160707
MortalKombat,7,shao,0.02894510445823505
MortalKombat,8,scorpion,0.0284373659245624
MortalKombat,9,tower,0.027724313218712444
MortalKombat,10,kahn,0.027510707965885787
MortalKombat,11,shit,0.02657492832552987
MortalKombat,12,towers,0.02424354766114374
MortalKombat,13,any,0.024225782242132017
MortalKombat,14,characters,0.024158117151020026
MortalKombat,15,kitana,0.02321215984621613
MortalKombat,16,liu,0.021600896373298345
MortalKombat,17,though,0.019789840242415865
MortalKombat,18,every,0.019718659964526063
MortalKombat,19,kang,0.01928651461901638
MortalKombat,20,getting,0.019224416235489695
AskReddit,1,any,0.030751538435576938
AskReddit,2,life,0.029020005112237623
AskReddit,3,never,0.027638100106892972
AskReddit,4,feel,0.026256195101548325
AskReddit,5,school,0.020498414467344114
AskReddit,6,years,0.020342733704573866
AskReddit,7,always,0.02026794007838818
AskReddit,8,pretty,0.01934667007482508
AskReddit,9,work,0.018886035073043532
AskReddit,10,went,0.01881810560983066
AskReddit,11,better,0.017504130067698884
AskReddit,12,around,0.017504130067698884
AskReddit,13,home,0.017043495065917336
AskReddit,14,long,0.017043495065917336
AskReddit,15,last,0.01698219286740816
AskReddit,16,night,0.016181719992274666
AskReddit,17,told,0.016181719992274666
AskReddit,18,every,0.016064236496196906
AskReddit,19,though,0.015661590060572685
AskReddit,20,question,0.015314641545606066
funny,1,never,0.03301577608923011
funny,2,funny,0.03301577608923011
funny,3,any,0.02549519409960444
funny,4,feel,0.02476183206692258
funny,5,shit,0.02311104326246108
funny,6,always,0.02311104326246108
funny,7,man,0.02146025445799957
funny,8,looks,0.020634860055768818
funny,9,thought,0.020634860055768818
funny,10,love,0.020560640402906803
funny,11,done,0.0198825673976373
funny,12,better,0.019809465653538066
funny,13,life,0.019809465653538066
funny,14,every,0.019738214786790532
funny,15,guy,0.018984071251307313
funny,16,may,0.018093363554557988
funny,17,appraisal,0.017569811388009976
funny,18,though,0.01733328244684581
funny,19,work,0.01733328244684581
funny,20,trying,0.016507888044615057
memes,1,memes,0.11825489178336873
memes,2,inactive,0.11182698524801003
memes,3,familiarize,0.108477244420892
memes,4,sidebar,0.10165875878128255
memes,5,sections,0.09903485536253738
memes,6,any,0.0977421967034395
memes,7,mute,0.09669826616993693
memes,8,performed,0.09579834457675059
memes,9,participate,0.09568511453541939
memes,10,action,0.09551357773990383
memes,11,compose,0.09501610633494942
memes,12,unfortunately,0.09492753741391355
memes,13,thanks,0.09486821572814773
memes,14,allow,0.09438775185325757
memes,15,filter,0.09308685369220818
memes,16,submissions,0.09308685369220818
memes,17,affected,0.09162946677049195
memes,18,may,0.09066874825779585
memes,19,hello,0.09044370430497277
memes,20,longer,0.09003635407162094
Market76,1,awarded,0.15320096214982748
Market76,2,user,0.12516289665189181
Market76,3,thank,0.12234926815953924
Market76,4,bzunwjt,0.11808362278487541
Market76,5,compose,0.11402235634627372
Market76,6,wiki,0.09991943221417822
Market76,7,discord,0.09189225948895376
Market76,8,trade,0.08975066381995599
Market76,9,index,0.089441799235915
Market76,10,caps,0.08535950682725742
Market76,11,ago,0.0790025974574376
Market76,12,box,0.07843138227564528
Market76,13,any,0.07320041684758757
Market76,14,msg,0.07159618920296254
Market76,15,must,0.05667273400329334
Market76,16,offer,0.05660787860264652
Market76,17,handmade,0.05584502757831079
Market76,18,armor,0.05125427478929562
Market76,19,explosive,0.04759172813234822
Market76,20,months,0.047401558474462556
worldnews,1,trump,0.03402692411370732
worldnews,2,any,0.031040767122791246
worldnews,3,government,0.02347857763845805
worldnews,4,mueller,0.02153041364215658
worldnews,5,country,0.019890124913573042
worldnews,6,support,0.01900643905701348
worldnews,7,report,0.01878082498529944
worldnews,8,maduro,0.018722606510746843
worldnews,9,world,0.018565820746175854
worldnews,10,venezuela,0.01811815135382281
worldnews,11,read,0.017621795962471997
worldnews,12,barr,0.017224330913725265
worldnews,13,years,0.01642348005403059
worldnews,14,president,0.01574804966019866
worldnews,15,enough,0.015733746395064283
worldnews,16,shit,0.015419071467162997
worldnews,17,evidence,0.015231242306230144
worldnews,18,far,0.01510439653926171
worldnews,19,bad,0.015050068908019998
worldnews,20,many,0.014789721611360426
trashy,1,trashy,0.05253886730584753
trashy,2,any,0.03694842642219843
trashy,3,shit,0.03289514745707471
trashy,4,feel,0.025718024375531136
trashy,5,man,0.023325650015016613
trashy,6,school,0.02298600003875444
trashy,7,fuck,0.022211125932466942
trashy,8,kids,0.021610825231589456
trashy,9,guy,0.020933275654502086
trashy,10,work,0.020933275654502086
trashy,11,never,0.020933275654502086
trashy,12,scooters,0.0208610208420277
trashy,13,food,0.020817792216344538
trashy,14,fucking,0.019209622428079515
trashy,15,full,0.019070155572747577
trashy,16,better,0.018540901293987562
trashy,17,thanks,0.018540901293987562
trashy,18,least,0.018474213211099214
trashy,19,bad,0.018474213211099214
trashy,20,kind,0.017942807703858935
gameofthrones,1,show,0.06720442490039687
gameofthrones,2,any,0.060684949967065395
gameofthrones,3,gameofthrones,0.05587557433630986
gameofthrones,4,arya,0.054864917198984196
gameofthrones,5,spoiler,0.04452571268436905
gameofthrones,6,guide,0.0436884327780778
gameofthrones,7,jon,0.04290358291024328
gameofthrones,8,action,0.041302719470035575
gameofthrones,9,episode,0.039574575942782554
gameofthrones,10,performed,0.03869964669635995
gameofthrones,11,compose,0.03838364600006573
gameofthrones,12,battle,0.03542102011830429
gameofthrones,13,content,0.03482960470376335
gameofthrones,14,night,0.034077527499593765
gameofthrones,15,king,0.0330393248696625
gameofthrones,16,paparazzi,0.03085934517768278
gameofthrones,17,bran,0.030559055585831923
gameofthrones,18,book,0.029383065084273303
gameofthrones,19,leaked,0.025743906657863094
gameofthrones,20,photos,0.025743906657863094
freefolk,1,jon,0.08387214248739595
freefolk,2,arya,0.07347274184003061
freefolk,3,show,0.05027482397954771
freefolk,4,king,0.045566846640470254
freefolk,5,dany,0.04493374294348979
freefolk,6,night,0.042621849284415744
freefolk,7,kill,0.03429344195297818
freefolk,8,episode,0.03392198583235008
freefolk,9,cersei,0.027805592799434526
freefolk,10,bran,0.027641788510272967
freefolk,11,never,0.025869569620543965
freefolk,12,battle,0.02570525158430666
freefolk,13,dragon,0.024583071243379634
freefolk,14,point,0.024495315680698702
freefolk,15,dead,0.02302559673985678
freefolk,16,books,0.02283340742482168
freefolk,17,killed,0.021806794956107073
freefolk,18,wights,0.021318605828909872
freefolk,19,sansa,0.021318605828909872
freefolk,20,thought,0.020988518748743218
ChapoTrapHouse,1,shit,0.03926195295004727
ChapoTrapHouse,2,fuck,0.03132338492669346
ChapoTrapHouse,3,any,0.027585133794563527
ChapoTrapHouse,4,maduro,0.024851248564494607
ChapoTrapHouse,5,fucking,0.024250362523891712
ChapoTrapHouse,6,never,0.020134334846178086
ChapoTrapHouse,7,trump,0.01850617922410158
ChapoTrapHouse,8,though,0.017617542990405827
ChapoTrapHouse,9,country,0.017447768581741255
ChapoTrapHouse,10,better,0.017114184619251373
ChapoTrapHouse,11,bad,0.017052628163911995
ChapoTrapHouse,12,point,0.016672124235175556
ChapoTrapHouse,13,biden,0.016567499042996404
ChapoTrapHouse,14,venezuela,0.016032621047877248
ChapoTrapHouse,15,real,0.015100751134633566
ChapoTrapHouse,16,support,0.01494382929488871
ChapoTrapHouse,17,government,0.01469608350149243
ChapoTrapHouse,18,years,0.01465126069151791
ChapoTrapHouse,19,guy,0.014597392763479112
ChapoTrapHouse,20,pretty,0.014597392763479112
gonewild,1,love,0.18135896144013933
gonewild,2,sexy,0.09549411711889556
gonewild,3,body,0.07971722367985466
gonewild,4,ass,0.07942412933397866
gonewild,5,beautiful,0.07792120525547795
gonewild,6,pussy,0.06581573648794103
gonewild,7,gorgeous,0.06516173495694927
gonewild,8,looks,0.06453210508385766
gonewild,9,wow,0.061222766361608554
gonewild,10,hot,0.05667951214248133
gonewild,11,damn,0.051110252769493804
gonewild,12,amazing,0.049640080833736666
gonewild,13,perfect,0.04667724529380815
gonewild,14,cock,0.04624654304359009
gonewild,15,let,0.04451538144439783
gonewild,16,boobs,0.043227295285675135
gonewild,17,great,0.04136673402811389
gonewild,18,face,0.03985861183992733
gonewild,19,tits,0.03980555320956821
gonewild,20,fuck,0.03819783634659703
teenagers,1,school,0.03899086298631869
teenagers,2,feel,0.03586276123919938
teenagers,3,any,0.033053737002530136
teenagers,4,teenagers,0.029022050824732533
teenagers,5,shit,0.02779363996037952
teenagers,6,infraction,0.025688723629269307
teenagers,7,fuck,0.02339681730535029
teenagers,8,never,0.0233107948054796
teenagers,9,may,0.023226950326102256
teenagers,10,bad,0.023226950326102256
teenagers,11,familiarise,0.023174490745383976
teenagers,12,compose,0.022758811128722748
teenagers,13,found,0.021678585237170138
teenagers,14,life,0.02151765674351963
teenagers,15,many,0.020621087712539645
teenagers,16,unserious,0.020448080069456448
teenagers,17,account,0.019872036467405957
teenagers,18,year,0.019872036467405957
teenagers,19,fucking,0.01979730695068101
teenagers,20,tell,0.01972451868155966
todayilearned,1,any,0.02165023647494208
todayilearned,2,bong,0.020717749748162692
todayilearned,3,though,0.020693704137068523
todayilearned,4,around,0.02017636153364181
todayilearned,5,years,0.019731565489330482
todayilearned,6,shit,0.0196590189302151
todayilearned,7,never,0.019141676326788388
todayilearned,8,many,0.017589648516508245
todayilearned,9,water,0.017405073589837748
todayilearned,10,point,0.01661605514890988
todayilearned,11,guy,0.01603762070622811
todayilearned,12,long,0.01603762070622811
todayilearned,13,every,0.01597993644579058
todayilearned,14,always,0.015520278102801394
todayilearned,15,man,0.015002935499374679
todayilearned,16,white,0.014593929257670137
todayilearned,17,thought,0.014485592895947969
todayilearned,18,work,0.014485592895947969
todayilearned,19,black,0.014127088533531505
todayilearned,20,pretty,0.013968250292521254
apexlegends,1,game,0.10952086779747579
apexlegends,2,apex,0.05644124173924703
apexlegends,3,play,0.04733212702744189
apexlegends,4,any,0.04457057018137907
apexlegends,5,games,0.03222583863386548
apexlegends,6,players,0.030237509180777288
apexlegends,7,content,0.02799086554967833
apexlegends,8,playing,0.027146739475992773
apexlegends,9,apexlegends,0.02688877955250271
apexlegends,10,respawn,0.025547983559349313
apexlegends,11,better,0.02548652993785333
apexlegends,12,team,0.0242939587789661
apexlegends,13,enough,0.023405996881702036
apexlegends,14,work,0.023405996881702036
apexlegends,15,never,0.022885863617664214
apexlegends,16,every,0.022285285090689534
apexlegends,17,bad,0.02124876020275049
apexlegends,18,legends,0.021045972901885684
apexlegends,19,getting,0.020805330561512923
apexlegends,20,long,0.01924493076939945
hockey,1,game,0.07963347044769441
hockey,2,marchand,0.0648766800764746
hockey,3,hockey,0.05364214839621224
hockey,4,shit,0.0461663110908054
hockey,5,play,0.0426688632808959
hockey,6,team,0.042614590361904556
hockey,7,series,0.029748031083607806
hockey,8,fuck,0.029486975637716288
hockey,9,player,0.029441272949812882
hockey,10,head,0.029272892524899324
hockey,11,fans,0.02691850998789627
hockey,12,nhl,0.0268479272254571
hockey,13,goalie,0.026588803310030572
hockey,14,league,0.026473406829457584
hockey,15,games,0.02600291807008456
hockey,16,last,0.025788024367173215
hockey,17,year,0.025369955186876094
hockey,18,love,0.025091050735627993
hockey,19,goal,0.024783642598080004
hockey,20,fucking,0.024572479698096908
FortNiteBR,1,game,0.08381494556500063
FortNiteBR,2,fortnitebr,0.07440705732756413
FortNiteBR,3,any,0.05668454382934561
FortNiteBR,4,epic,0.04142895161403793
FortNiteBR,5,modmail,0.03951111147961852
FortNiteBR,6,action,0.03914953172697723
FortNiteBR,7,fortnite,0.033635739409006334
FortNiteBR,8,filter,0.029874200140071756
FortNiteBR,9,compose,0.029192432536943803
FortNiteBR,10,result,0.028806535774467987
FortNiteBR,11,remove,0.028424802787353452
FortNiteBR,12,play,0.02813872592876488
FortNiteBR,13,season,0.02795020136515896
FortNiteBR,14,ban,0.02767772611636522
FortNiteBR,15,attempt,0.027671741117960048
FortNiteBR,16,via,0.026810056695770225
FortNiteBR,17,information,0.026086854607481696
FortNiteBR,18,unfortunately,0.02588402730683843
FortNiteBR,19,wiki,0.025675390581591035
FortNiteBR,20,content,0.025465739021589277
videos,1,any,0.058934037060761814
videos,2,videos,0.041244613623450645
videos,3,hello,0.035916419086059026
videos,4,action,0.03280409465518816
videos,5,performed,0.032056143585219785
videos,6,compose,0.03179439019576598
videos,7,submit,0.031028745272430894
videos,8,thank,0.030209884543751852
videos,9,video,0.02921939652592392
videos,10,enough,0.028330809020389775
videos,11,requires,0.028159651019227135
videos,12,minimum,0.027410366855299725
videos,13,though,0.026342682071590493
videos,14,account,0.025538198487584617
videos,15,watch,0.025442161162264023
videos,16,show,0.02435455512279121
videos,17,pretty,0.022366428173991926
videos,18,inconvenience,0.0216205916619561
videos,19,shit,0.021372364699592285
videos,20,sorry,0.021372364699592285
gaming,1,game,0.0871587224474848
gaming,2,sonic,0.07737362106937902
gaming,3,games,0.06189519591565542
gaming,4,movie,0.050398838266964056
gaming,5,play,0.04510967717867981
gaming,6,looks,0.03584056542963601
gaming,7,epic,0.030557757971338806
gaming,8,better,0.029043216813670565
gaming,9,played,0.025097628116457178
gaming,10,never,0.02471763133078346
gaming,11,great,0.02471763133078346
gaming,12,any,0.02462872672895995
gaming,13,steam,0.023862009204331847
gaming,14,pretty,0.023481749764244286
gaming,15,since,0.0228638089809747
gaming,16,bad,0.022781572224287953
gaming,17,years,0.022327960859501037
gaming,18,character,0.022049491741796774
gaming,19,fun,0.021627927414435526
gaming,20,many,0.02039204584789635
dankmemes,1,dankmemes,0.3521128289663944
dankmemes,2,any,0.27222818370534935
dankmemes,3,dank,0.27051667804553653
dankmemes,4,compose,0.2596179508932187
dankmemes,5,meme,0.2533623797811533
dankmemes,6,thank,0.23016377047974146
dankmemes,7,breaks,0.22691673492049952
dankmemes,8,report,0.21934981524509375
dankmemes,9,helping,0.21632063694889425
dankmemes,10,keeping,0.21527539123890174
dankmemes,11,hit,0.21108128522002065
dankmemes,12,action,0.039826657588683145
dankmemes,13,performed,0.03832554313722872
dankmemes,14,unfortunately,0.034507084917449256
dankmemes,15,sidebar,0.02851626122674933
dankmemes,16,meantime,0.0282979997095775
dankmemes,17,approval,0.025370620429276385
dankmemes,18,without,0.023895994553209888
dankmemes,19,removal,0.02352114378052888
dankmemes,20,treshold,0.023010973979712187
unpopularopinion,1,any,0.05967622727158407
unpopularopinion,2,unpopular,0.0480630894894543
unpopularopinion,3,megathread,0.0403877688907428
unpopularopinion,4,compose,0.03901172252261666
unpopularopinion,5,action,0.038044378963162075
unpopularopinion,6,opinions,0.03784559930334148
unpopularopinion,7,performed,0.03624796111774926
unpopularopinion,8,part,0.03415431875291919
unpopularopinion,9,note,0.034039640240322376
unpopularopinion,10,top,0.033028352200625145
unpopularopinion,11,politics,0.03279760283650549
unpopularopinion,12,trial,0.03236260948281525
unpopularopinion,13,controversial,0.03200447873316176
unpopularopinion,14,popular,0.03174483303310963
unpopularopinion,15,thanks,0.03164086963272886
unpopularopinion,16,currently,0.03162056182612169
unpopularopinion,17,political,0.031236937128049112
unpopularopinion,18,filter,0.031230088737054882
unpopularopinion,19,written,0.030866639396832915
unpopularopinion,20,removing,0.030518685170180557
nfl,1,year,0.05044194995450597
nfl,2,team,0.03638874207747517
nfl,3,nfl,0.03402583465074858
nfl,4,game,0.03238904154973541
nfl,5,draft,0.03056711781138288
nfl,6,last,0.029407319304987713
nfl,7,any,0.02783192719936337
nfl,8,shit,0.026351315746570302
nfl,9,best,0.02625653509373903
nfl,10,pretty,0.02529726311670749
nfl,11,years,0.024332673827257227
nfl,12,games,0.023401252610537545
nfl,13,guy,0.022662131542050462
nfl,14,teams,0.02265389031433779
nfl,15,players,0.022389476418336104
nfl,16,though,0.021608078912187648
nfl,17,better,0.021608078912187648
nfl,18,man,0.021608078912187648
nfl,19,guys,0.021081052597256244
nfl,20,player,0.020518678119715448
nba,1,harden,0.12387534828814104
nba,2,game,0.12313345000611428
nba,3,giannis,0.08565634094229886
nba,4,rockets,0.06299313424657704
nba,5,celtics,0.04962121252889171
nba,6,curry,0.04812585396258404
nba,7,refs,0.04641599365537256
nba,8,nba,0.04491746369841177
nba,9,foul,0.04044004417129809
nba,10,bucks,0.04014452425419566
nba,11,team,0.03988874700593875
nba,12,eye,0.03988874700593875
nba,13,warriors,0.0385461714707057
nba,14,shit,0.036665814884460135
nba,15,fans,0.03452876563142822
nba,16,getting,0.03317383251451155
nba,17,fuck,0.03242003486285544
nba,18,play,0.03230083692202441
nba,19,kyrie,0.031856703782771195
nba,20,steph,0.02920197846754026
news,1,gun,0.03909626218542981
news,2,any,0.02826365623844817
news,3,guns,0.024922344834685816
news,4,point,0.020280255331416516
news,5,bees,0.020078580614782016
news,6,shit,0.018651407462696397
news,7,never,0.017874265485084046
news,8,school,0.017684530921633055
news,9,many,0.0170971235074717
news,10,years,0.016380206229221036
news,11,bad,0.016261281671435934
news,12,every,0.016261281671435934
news,13,though,0.01593141054105317
news,14,mass,0.015616245413889975
news,15,shooting,0.015285400137397534
news,16,shootings,0.015232606907731571
news,17,better,0.015154268563440824
news,18,country,0.01465736072858304
news,19,without,0.014377126585828473
news,20,might,0.014377126585828473
Animemes,1,anime,0.06799248296716079
Animemes,2,manga,0.05076605196129734
Animemes,3,animemes,0.044257583761131015
Animemes,4,kazuma,0.027335566440698567
Animemes,5,true,0.02577817665517071
Animemes,6,girl,0.02531121052400669
Animemes,7,show,0.024827285381232293
Animemes,8,any,0.02473798637471996
Animemes,9,better,0.023971172092224283
Animemes,10,man,0.023971172092224283
Animemes,11,best,0.02388495236179858
Animemes,12,roboragi,0.02343048552059877
Animemes,13,nihilate,0.02343048552059877
Animemes,14,anilist,0.02343048552059877
Animemes,15,myanimelist,0.02343048552059877
Animemes,16,watch,0.02320035898965364
Animemes,17,meme,0.02269280943531634
Animemes,18,jojo,0.02236547240881319
Animemes,19,life,0.02225894551420826
Animemes,20,mal,0.021913014193661404
aww,1,cat,0.07310156686109526
aww,2,dog,0.06897891215868998
aww,3,looks,0.049877509032587135
aww,4,cute,0.046629891169038984
aww,5,love,0.044373311743891995
aww,6,little,0.03740813177444035
aww,7,aww,0.031642341317668785
aww,8,happy,0.028501433732906933
aww,9,cats,0.024893432127980796
aww,10,old,0.02484905457657952
aww,11,adorable,0.02260044428082538
aww,12,man,0.0213760752996802
aww,13,thank,0.02129918963706816
aww,14,life,0.020485405495526857
aww,15,ever,0.020485405495526857
aww,16,dogs,0.020478634636314032
aww,17,baby,0.019667045029709812
aww,18,years,0.019667045029709812
aww,19,long,0.019594735691373516
aww,20,thanks,0.019594735691373516
leagueoflegends,1,game,0.06093027662184586
leagueoflegends,2,play,0.04991832254151254
leagueoflegends,3,skins,0.04060346520506492
leagueoflegends,4,team,0.03996375846183809
leagueoflegends,5,skin,0.0371908437957855
leagueoflegends,6,any,0.036347566977307004
leagueoflegends,7,players,0.03541592747655105
leagueoflegends,8,riot,0.03528026007503717
leagueoflegends,9,better,0.03359887094140267
leagueoflegends,10,games,0.030729584046357877
leagueoflegends,11,top,0.0301302199943466
leagueoflegends,12,leagueoflegends,0.029192022116204582
leagueoflegends,13,champs,0.027902415534699847
leagueoflegends,14,playing,0.02456951151585292
leagueoflegends,15,pretty,0.022079258047207468
leagueoflegends,16,every,0.021521585710247572
leagueoflegends,17,lux,0.021164216034248323
leagueoflegends,18,never,0.021119290306024534
leagueoflegends,19,though,0.021119290306024534
leagueoflegends,20,champ,0.020047589535464108
pics,1,any,0.031984885325791544
pics,2,looks,0.029532316605463106
pics,3,love,0.02111002431502242
pics,4,man,0.020544220247278682
pics,5,fuck,0.019975657370251795
pics,6,never,0.019260206481823763
pics,7,shit,0.01861819959909631
pics,8,work,0.017976192716368848
pics,9,many,0.01733418583364139
pics,10,years,0.01675377714924344
pics,11,pics,0.01617988791793519
pics,12,around,0.016050172068186472
pics,13,feel,0.016050172068186472
pics,14,pretty,0.016050172068186472
pics,15,may,0.015992442662895772
pics,16,seen,0.015408165185459012
pics,17,trying,0.015408165185459012
pics,18,always,0.014766158302731553
pics,19,long,0.014766158302731553
pics,20,life,0.014124151420004095
Showerthoughts,1,showerthoughts,0.11721154928862916
Showerthoughts,2,any,0.08156065126097897
Showerthoughts,3,thought,0.07441369847028556
Showerthoughts,4,performed,0.06738977131755777
Showerthoughts,5,compose,0.06683950234930232
Showerthoughts,6,action,0.06639991555810097
Showerthoughts,7,unique,0.0572645369377275
Showerthoughts,8,original,0.05579645413506976
Showerthoughts,9,read,0.054951654254980116
Showerthoughts,10,wiki,0.05449781506550324
Showerthoughts,11,both,0.04579304521248343
Showerthoughts,12,messaging,0.045649331954715856
Showerthoughts,13,faq,0.044957675409947426
Showerthoughts,14,common,0.04359097979302325
Showerthoughts,15,ensure,0.04129380887856608
Showerthoughts,16,search,0.0401570692102095
Showerthoughts,17,looks,0.03892408843061091
Showerthoughts,18,important,0.0386385038718811
Showerthoughts,19,google,0.03791867696262421
Showerthoughts,20,posted,0.03332247369442733
wallstreetbets,1,calls,0.08988795276782154
wallstreetbets,2,spy,0.052838678163226335
wallstreetbets,3,buy,0.04870239126419833
wallstreetbets,4,money,0.040821212769215943
wallstreetbets,5,earnings,0.04079402287260046
wallstreetbets,6,sell,0.0400464376595475
wallstreetbets,7,shit,0.03851057808416598
wallstreetbets,8,market,0.03728062798425015
wallstreetbets,9,today,0.03606973911251338
wallstreetbets,10,bought,0.03533509205254191
wallstreetbets,11,puts,0.034994602010089484
wallstreetbets,12,fuck,0.032468260842798885
wallstreetbets,13,dis,0.03120084259240775
wallstreetbets,14,stock,0.029063706523202712
wallstreetbets,15,options,0.02728939659311512
wallstreetbets,16,long,0.02695740465891619
wallstreetbets,17,week,0.02695740465891619
wallstreetbets,18,qcom,0.025763820153602922
wallstreetbets,19,tomorrow,0.02419407133661769
wallstreetbets,20,shares,0.023953974612370588
The_Donald,1,barr,0.047104266951865224
The_Donald,2,trump,0.04509804956573123
The_Donald,3,shit,0.025243027930326463
The_Donald,4,many,0.01920665168611796
The_Donald,5,any,0.019137569026146793
The_Donald,6,years,0.017625169280117554
The_Donald,7,man,0.017560367255879276
The_Donald,8,fucking,0.01707438274011388
The_Donald,9,world,0.017011605779133052
The_Donald,10,news,0.016783732557271405
The_Donald,11,left,0.016403630593840108
The_Donald,12,fuck,0.01597280966010653
The_Donald,13,never,0.015365321348894368
The_Donald,14,let,0.015310055220917437
The_Donald,15,getting,0.014816559872148142
The_Donald,16,keep,0.01426779839540191
The_Donald,17,white,0.013821640281650584
The_Donald,18,trying,0.013719036918655687
The_Donald,19,saying,0.013170275441909457
The_Donald,20,work,0.013170275441909457
RoastMe,1,looks,0.0682542516076562
RoastMe,2,face,0.06459149059556585
RoastMe,3,roast,0.04730682690298233
RoastMe,4,life,0.03900242949008926
RoastMe,5,head,0.033032823416559824
RoastMe,6,guy,0.03120194359207141
RoastMe,7,forehead,0.031056957020849894
RoastMe,8,tell,0.030226882854819177
RoastMe,9,roastme,0.02965099074207925
RoastMe,10,dude,0.02642379160727694
RoastMe,11,hair,0.02495504068045098
RoastMe,12,shit,0.023401457694053555
RoastMe,13,ever,0.023401457694053555
RoastMe,14,old,0.02331728711757164
RoastMe,15,fucking,0.02153049686518862
RoastMe,16,already,0.021451336219549092
RoastMe,17,man,0.021451336219549092
RoastMe,18,least,0.021374179857774005
RoastMe,19,girl,0.02087539219538499
RoastMe,20,fuck,0.020551837916770954
marvelstudios,1,movie,0.05709975107728143
marvelstudios,2,thanos,0.0557896982673312
marvelstudios,3,tony,0.04626249699731137
marvelstudios,4,thor,0.04418986001372768
marvelstudios,5,avengers,0.04223876157527531
marvelstudios,6,cap,0.04067436299841326
marvelstudios,7,mcu,0.03817779181095244
marvelstudios,8,timeline,0.038113754261840126
marvelstudios,9,marvel,0.03750264153187112
marvelstudios,10,man,0.037492999305591676
marvelstudios,11,endgame,0.037110235145026434
marvelstudios,12,scene,0.026789576620717646
marvelstudios,13,stone,0.02594559835783503
marvelstudios,14,movies,0.025729763033884995
marvelstudios,15,stones,0.02566696930828509
marvelstudios,16,war,0.024538736000154004
marvelstudios,17,infinity,0.024321539614780865
marvelstudios,18,point,0.023229233078934437
marvelstudios,19,hulk,0.023199676507207032
marvelstudios,20,thought,0.022680950197209778
asoiaf,1,show,0.05311008175902462
asoiaf,2,arya,0.052722550246517584
asoiaf,3,jon,0.04455463866767189
asoiaf,4,episode,0.04256928367440655
asoiaf,5,king,0.03505705714362892
asoiaf,6,any,0.035012102000814865
asoiaf,7,battle,0.033514712535937484
asoiaf,8,night,0.03284515477983799
asoiaf,9,cersei,0.03259787750003976
asoiaf,10,kill,0.03069137413853714
asoiaf,11,dany,0.028697084311395643
asoiaf,12,books,0.027377118025096764
asoiaf,13,bran,0.02721584352784626
asoiaf,14,story,0.0249580278801372
asoiaf,15,series,0.02448429387809004
asoiaf,16,army,0.022780102145473824
asoiaf,17,point,0.022076251573333733
asoiaf,18,dead,0.02153780641300852
asoiaf,19,character,0.021329961036945084
asoiaf,20,season,0.020971443968010636
soccer,1,liverpool,0.07017325631498054
soccer,2,fans,0.050182821391170855
soccer,3,players,0.0382814695477781
soccer,4,game,0.03728032029129241
soccer,5,team,0.03701166615088506
soccer,6,league,0.035832793981931066
soccer,7,messi,0.0314317710577517
soccer,8,any,0.031367422698442955
soccer,9,ajax,0.031070492664502132
soccer,10,better,0.03092836044602088
soccer,11,football,0.03010865402495584
soccer,12,barca,0.028272860368816648
soccer,13,though,0.02816689969191187
soccer,14,teams,0.027392222503995128
soccer,15,season,0.02691757538246186
soccer,16,shit,0.026510023239446467
soccer,17,play,0.025957731088624668
soccer,18,player,0.025570363488690764
soccer,19,every,0.023663143439176266
soccer,20,best,0.02311283777780007
movies,1,movie,0.08283182129050823
movies,2,movies,0.0441458680936491
movies,3,film,0.032629554677914556
movies,4,any,0.02638894800077384
movies,5,battle,0.025957408495416626
movies,6,watch,0.024329233035256966
movies,7,films,0.02332299743853984
movies,8,bad,0.02325805586508881
movies,9,better,0.022893127770768244
movies,10,scene,0.021877718146130758
movies,11,never,0.02154647319601717
movies,12,man,0.020199818621266095
movies,13,end,0.020199818621266095
movies,14,great,0.01975093376301574
movies,15,though,0.01975093376301574
movies,16,marvel,0.019658932044638772
movies,17,character,0.018305374870830546
movies,18,looks,0.017955394330014307
movies,19,always,0.017057624613513594
movies,20,best,0.016996271593718745
Pikabu,1,pikabu,0.16251122724181027
