subreddit,rank,word,specificity_score
politics,1,whatabout,821.8631516587677
politics,2,courteous,255.69075829383888
politics,3,rosenstein,118.7135663507109
politics,4,shill,95.88403436018957
politics,5,senate,73.53512409578448
politics,6,impeachment,71.91302577014218
politics,7,doj,71.91302577014218
politics,8,rep,66.96662717219589
politics,9,testify,65.74905213270142
politics,10,gop,61.11290102078017
politics,11,reagan,60.2699644549763
politics,12,accusations,52.96451421800948
politics,13,advocating,51.138151658767775
politics,14,mueller,48.873462085308056
politics,15,obstruction,41.94926503258294
politics,16,perjury,41.093157582938396
politics,17,dems,39.676152149043965
politics,18,counsel,38.675913019236134
politics,19,lindsey,37.66872778436019
politics,20,wishing,34.86692158552348
relationship_advice,1,dating,43.31808582476333
relationship_advice,2,counseling,40.167679582962364
relationship_advice,3,dodged,38.986277242286995
relationship_advice,4,affection,35.4420702202609
relationship_advice,5,kink,35.4420702202609
relationship_advice,6,relationship,34.79766894352889
relationship_advice,7,insecurity,33.41680906481743
relationship_advice,8,boundaries,30.021518304221004
relationship_advice,9,therapist,28.998057452940742
relationship_advice,10,therapy,25.203249934407758
relationship_advice,11,cheated,24.303133865321765
relationship_advice,12,relationships,23.03734564316959
relationship_advice,13,partner,22.870166066658925
relationship_advice,14,embarrassed,21.26524213215654
relationship_advice,15,boyfriend,19.77294443867187
relationship_advice,16,trauma,17.012193705725235
relationship_advice,17,abusive,16.667351941419994
relationship_advice,18,feelings,16.60436714428662
relationship_advice,19,cheating,16.202089243547842
relationship_advice,20,marriage,16.049239345023807
AmItheAsshole,1,nta,2184.1918726223766
AmItheAsshole,2,esh,1244.159927443126
AmItheAsshole,3,rulebook,725.7599576751568
AmItheAsshole,4,amitheasshole,667.6991610611443
AmItheAsshole,5,yta,626.2271634797067
AmItheAsshole,6,automod,559.8719673494066
AmItheAsshole,7,abbreviations,456.1919733958128
AmItheAsshole,8,abbreviation,456.1919733958128
AmItheAsshole,9,bea,228.0959866979064
AmItheAsshole,10,judgment,63.59039629153755
AmItheAsshole,11,urges,51.83999697679691
AmItheAsshole,12,judgement,32.25599811889586
AmItheAsshole,13,aita,31.103998186078147
AmItheAsshole,14,puberty,29.951998253260438
AmItheAsshole,15,gift,23.039998656354186
AmItheAsshole,16,asshole,21.521453290367205
AmItheAsshole,17,daughter,20.27002128980374
AmItheAsshole,18,masturbating,19.007998891492203
AmItheAsshole,19,vibrator,18.932868461091047
AmItheAsshole,20,masturbation,16.588799032575015
SquaredCircle,1,wwe,1565.7282683354956
SquaredCircle,2,nxt,1415.5899412348317
SquaredCircle,3,aew,1244.0032816912158
SquaredCircle,4,kofi,1072.4166221475998
SquaredCircle,5,smackdown,1029.5199572616957
SquaredCircle,6,lio,900.8299626039839
SquaredCircle,7,wrestlemania,729.2433030603678
SquaredCircle,8,bayley,729.2433030603678
SquaredCircle,9,becky,707.7949706174159
SquaredCircle,10,moxley,643.4499732885598
SquaredCircle,11,hhh,643.4499732885598
SquaredCircle,12,ambrose,643.4499732885598
SquaredCircle,13,wrestlers,622.0016408456079
SquaredCircle,14,feud,600.5533084026558
SquaredCircle,15,mitb,557.6566435167518
SquaredCircle,16,bray,514.7599786308479
SquaredCircle,17,lesnar,471.8633137449439
SquaredCircle,18,orton,428.96664885903994
SquaredCircle,19,cena,428.96664885903994
SquaredCircle,20,vince,420.38731588185914
MortalKombat,1,krypt,1848.0015358736198
MortalKombat,2,kahn,1560.5346302932787
MortalKombat,3,kitana,1190.9343231185549
MortalKombat,4,kotal,985.6008191325972
MortalKombat,5,vorah,944.5341183354057
MortalKombat,6,brutalities,903.4674175382139
MortalKombat,7,kabal,903.4674175382139
MortalKombat,8,shao,882.9340671396182
MortalKombat,9,raiden,821.3340159438309
MortalKombat,10,kronika,780.2673151466394
MortalKombat,11,mkx,780.2673151466394
MortalKombat,12,skarlet,739.2006143494478
MortalKombat,13,krushing,657.0672127550647
MortalKombat,14,koins,657.0672127550647
MortalKombat,15,tot,616.0005119578732
MortalKombat,16,lao,574.9338111606817
MortalKombat,17,saibot,574.9338111606817
MortalKombat,18,kano,574.9338111606817
MortalKombat,19,cetrion,492.8004095662986
MortalKombat,20,kollector,492.8004095662986
AskReddit,1,askreddit,245.68576305026892
AskReddit,2,nurse,45.3170386114063
AskReddit,3,grandmother,32.95784626284095
AskReddit,4,entirety,23.802888967607355
AskReddit,5,hospital,22.927197400237183
AskReddit,6,bus,17.977007052458703
AskReddit,7,patient,16.478923131420473
AskReddit,8,worker,10.985948754280315
AskReddit,9,request,9.798278618682446
AskReddit,10,passed,8.016773415285636
AskReddit,11,answers,7.881224106331531
AskReddit,12,walked,7.490419605191125
AskReddit,13,question,7.104685421929785
AskReddit,14,medical,6.338047358238644
AskReddit,15,dying,6.304979285065225
AskReddit,16,bed,5.699477173273247
AskReddit,17,room,5.698319213668762
AskReddit,18,dad,5.41336605283378
AskReddit,19,driving,5.315781655296927
AskReddit,20,review,5.179090127017863
funny,1,appraisal,870.6947923533289
funny,2,manual,35.880279904670154
funny,3,screenshot,18.84620762669543
funny,4,error,13.192345338686803
funny,5,funny,13.017031779368706
funny,6,weed,12.668839571278596
funny,7,appears,10.365414194682488
funny,8,drunk,9.819866079172881
funny,9,therefore,9.660968569801152
funny,10,alcohol,7.774060646011866
funny,11,eat,4.784037320622687
funny,12,joke,4.703633332040792
funny,13,removal,4.606850753192217
funny,14,text,4.495842301308066
funny,15,conversation,4.329856562335723
funny,16,social,4.183351020275443
funny,17,college,3.731549110085695
funny,18,dog,3.7166823805634417
funny,19,light,3.2906076808515827
funny,20,words,3.033779764297313
memes,1,inactive,1930.5399449035813
memes,2,sections,643.5133149678604
memes,3,participate,361.9762396694215
memes,4,friendo,273.61983471074376
memes,5,affected,214.50443832262013
memes,6,mute,214.50443832262013
memes,7,memes,207.82575231846573
memes,8,familiarize,199.71102878312908
memes,9,repeat,156.53026580299309
memes,10,sidebar,145.8179777573717
memes,11,spam,144.69197020712173
memes,12,standards,101.60736552124114
memes,13,submissions,76.71019648623502
memes,14,protect,69.77855222543066
memes,15,welcome,67.09451885627433
memes,16,build,65.81386175807664
memes,17,understanding,54.048362411998774
memes,18,points,45.603305785123965
memes,19,allow,44.345283556568816
memes,20,hello,39.98098041435526
Market76,1,bzunwjt,5722.428162876208
Market76,2,bids,2899.879136592673
Market76,3,verbalstuntman,1855.9226474193108
Market76,4,awarded,1747.6604929865177
Market76,5,sentinel,1701.2624268010347
Market76,6,aae,1469.272095873621
Market76,7,msg,1288.8351718189658
Market76,8,vats,1237.2817649462072
Market76,9,handmade,1005.2914340187934
Market76,10,psn,927.9613237096554
Market76,11,bos,927.9613237096554
Market76,12,cavalier,927.9613237096554
Market76,13,unyielding,773.3011030913794
Market76,14,bloodied,592.8641790367243
Market76,15,tse,567.087475600345
Market76,16,plasma,463.9806618548277
Market76,17,capitalize,335.0971446729311
Market76,18,explosive,324.78646329837943
Market76,19,discord,324.35685157443976
Market76,20,offers,240.13034253890206
worldnews,1,worldnews,1212.1089763779528
worldnews,2,autotldr,389.6064566929134
worldnews,3,breastfeed,346.31685039370075
worldnews,4,telnet,303.0272440944882
worldnews,5,redditblog,303.0272440944882
worldnews,6,selfpromotion,303.0272440944882
worldnews,7,shah,281.3824409448819
worldnews,8,pakistan,281.3824409448819
worldnews,9,erdogan,259.7376377952756
worldnews,10,mossadegh,238.09283464566929
worldnews,11,breastfeeding,180.3733595800525
worldnews,12,huawei,108.22401574803149
worldnews,13,pending,101.0090813648294
worldnews,14,venezuelan,52.565950506186724
worldnews,15,turkey,43.2896062992126
worldnews,16,guaido,40.19749156355456
worldnews,17,coup,38.06499864241108
worldnews,18,breast,37.105376827896514
worldnews,19,venezuelans,35.17280511811024
worldnews,20,opposition,29.17343033207806
trashy,1,trashy,616.0361474063062
trashy,2,scooters,198.01161880916987
trashy,3,scooter,198.01161880916987
trashy,4,antisemitism,143.00839136217823
trashy,5,mexican,47.82889343216663
trashy,6,jews,25.30148462561615
trashy,7,restaurants,23.15925366189121
trashy,8,jewish,17.926977834575048
trashy,9,cities,17.601032783037322
trashy,10,ref,16.134280051117543
trashy,11,park,10.083925031948464
trashy,12,links,9.625564803223535
trashy,13,companies,9.289433968825254
trashy,14,relevant,9.240542211094594
trashy,15,sign,9.103982473984821
trashy,16,food,8.841640299890242
trashy,17,students,8.800516391518661
trashy,18,racism,8.067140025558771
trashy,19,racist,7.213538025834968
trashy,20,city,7.205101139255043
gameofthrones,1,gameofthrones,1783.4909649278975
gameofthrones,2,paparazzi,762.5961367277906
gameofthrones,3,bracketed,713.396385971159
gameofthrones,4,trailers,189.77046720415066
gameofthrones,5,leaked,73.79962613494747
gameofthrones,6,guide,73.79962613494747
gameofthrones,7,chapters,67.64965729036852
gameofthrones,8,officially,62.617864599349375
gameofthrones,9,scope,57.928738794098564
gameofthrones,10,photos,55.34971960121061
gameofthrones,11,spoiler,33.70502405730285
gameofthrones,12,warning,27.91139706385834
gameofthrones,13,released,27.384766930577996
gameofthrones,14,prophecies,24.599875378315826
gameofthrones,15,tags,23.152823885473722
gameofthrones,16,pre,21.476081679482068
gameofthrones,17,azor,19.98739874488161
gameofthrones,18,crypt,18.449906533736872
gameofthrones,19,ahai,18.449906533736872
gameofthrones,20,siege,17.36461791410529
freefolk,1,friki,391.9909554140127
freefolk,2,edd,46.32620382165605
freefolk,3,viserion,45.35432541980313
freefolk,4,bobby,32.39594672843081
freefolk,5,theon,30.663140275514742
freefolk,6,daenerys,28.21147027600849
freefolk,7,leaks,24.94487898089172
freefolk,8,sansa,23.240570479091662
freefolk,9,crypts,21.929563939245465
freefolk,10,dany,20.4203664209547
freefolk,11,kingdoms,20.14182774854611
freefolk,12,stabbed,19.797523000707717
freefolk,13,varys,18.75554810593362
freefolk,14,jon,18.12880410438871
freefolk,15,tormund,17.81777070063694
freefolk,16,raven,16.197973364215404
freefolk,17,tyrion,15.974553041950363
freefolk,18,jorah,15.72156238291495
freefolk,19,sam,13.8582661004954
freefolk,20,dragon,13.516929497034921
ChapoTrapHouse,1,chapo,403.9096989966555
ChapoTrapHouse,2,imperialist,367.190635451505
ChapoTrapHouse,3,imperialism,220.314381270903
ChapoTrapHouse,4,anarchists,201.95484949832775
ChapoTrapHouse,5,sniff,137.6964882943144
ChapoTrapHouse,6,libs,102.81337792642141
ChapoTrapHouse,7,communism,57.11854329245634
ChapoTrapHouse,8,revolution,47.51878811725359
ChapoTrapHouse,9,fascism,45.89882943143812
ChapoTrapHouse,10,que,45.89882943143812
ChapoTrapHouse,11,biden,30.36384100848984
ChapoTrapHouse,12,capitalism,27.976429367733715
ChapoTrapHouse,13,maduro,27.181644442514006
ChapoTrapHouse,14,poll,23.759394058626796
ChapoTrapHouse,15,fascist,23.366676801459413
ChapoTrapHouse,16,sanders,21.599449144206176
ChapoTrapHouse,17,leftist,20.982322025800286
ChapoTrapHouse,18,liberal,20.292114064425277
ChapoTrapHouse,19,bernie,19.06566760998199
ChapoTrapHouse,20,guaido,15.736741519350213
gonewild,1,gonewild,1317.435956612047
gonewild,2,gorgeous,310.53847548712537
gonewild,3,boobs,276.6615508885299
gonewild,4,yummy,263.48719132240944
gonewild,5,sexy,233.73863746342772
gonewild,6,lips,219.5726594353412
gonewild,7,mmm,181.14744403415648
gonewild,8,lick,162.1459638907135
gonewild,9,cum,153.70086160473883
gonewild,10,tits,131.74359566120472
gonewild,11,cock,117.62821041178991
gonewild,12,panties,105.39487652896375
gonewild,13,pussy,83.43761058542965
gonewild,14,delicious,80.50997512629178
gonewild,15,stunning,73.19088647844706
gonewild,16,beautiful,60.11600967064681
gonewild,17,pic,25.832077580628372
gonewild,18,hot,23.363396274893447
gonewild,19,wow,21.679325868299507
gonewild,20,perfect,20.692711360398643
teenagers,1,infraction,1130.652691452895
teenagers,2,familiarise,1087.9865521527856
teenagers,3,unserious,959.9881342524579
teenagers,4,kickstarter,639.9920895016387
teenagers,5,copypastas,639.9920895016387
teenagers,6,teenagers,396.18557921530004
teenagers,7,guideline,234.6637661506008
teenagers,8,garner,213.33069650054622
teenagers,9,documentation,213.33069650054622
teenagers,10,advertisement,159.99802237540968
teenagers,11,simplified,159.99802237540968
teenagers,12,hesitate,135.9983190190982
teenagers,13,gofundme,127.99841790032774
teenagers,14,macros,127.99841790032774
teenagers,15,titled,106.66534825027311
teenagers,16,clickbait,106.66534825027311
teenagers,17,advertising,74.66574377519119
teenagers,18,clarification,63.999208950163855
teenagers,19,resulted,60.234549600154224
teenagers,20,manipulation,48.940571550125306
todayilearned,1,broom,372.07652451175767
todayilearned,2,bong,285.2586687923476
todayilearned,3,marines,272.85611797528895
todayilearned,4,pew,241.84974093264248
todayilearned,5,pride,29.766121960940616
todayilearned,6,roads,23.49956996916364
todayilearned,7,bread,17.96231497642968
todayilearned,8,french,17.305884861011982
todayilearned,9,germany,13.84470788880959
todayilearned,10,water,11.03250159889514
todayilearned,11,nazi,10.090210834217158
todayilearned,12,road,7.234821309950845
todayilearned,13,smoke,6.644223651995673
todayilearned,14,racism,6.0996151559304534
todayilearned,15,natural,5.724254223257811
todayilearned,16,language,5.49658502119642
todayilearned,17,native,5.315378921596539
todayilearned,18,expensive,4.93906890944811
todayilearned,19,military,4.56093804240219
todayilearned,20,black,4.438476307627567
apexlegends,1,apexlegends,3086.8118785272777
apexlegends,2,longbow,903.4571351787154
apexlegends,3,pathfinder,527.0166621875841
apexlegends,4,caustic,527.0166621875841
apexlegends,5,wingman,527.0166621875841
apexlegends,6,apex,430.81520797873924
apexlegends,7,kraber,414.0845202902446
apexlegends,8,mirage,414.0845202902446
apexlegends,9,octane,376.44047299113146
apexlegends,10,respawn,353.8540446116635
apexlegends,11,wraith,301.1523783929051
apexlegends,12,looting,282.3303547433486
apexlegends,13,attachments,225.86428379467884
apexlegends,14,downed,138.0281734300815
apexlegends,15,teammate,134.44302606826122
apexlegends,16,squads,120.46095135716203
apexlegends,17,randoms,94.11011824778286
apexlegends,18,pubg,94.11011824778285
apexlegends,19,cheater,75.28809459822628
apexlegends,20,legends,69.91037355549582
hockey,1,marchand,3824.5210247841824
hockey,2,canes,2043.2372598162071
hockey,3,goalie,1309.7674742411584
hockey,4,nyi,1100.204678362573
hockey,5,avs,1047.8139793929267
hockey,6,bruins,995.4232804232804
hockey,7,kadri,890.6418824839877
hockey,8,leafs,602.4930381509329
hockey,9,cbj,576.2976886661097
hockey,10,binnington,576.2976886661097
hockey,11,puck,550.1023391812865
hockey,12,akc,523.9069896964634
hockey,13,nhl,513.428849902534
hockey,14,hockey,282.103763682711
hockey,15,columbus,196.46512113617376
hockey,16,islanders,192.0992295553699
hockey,17,isles,174.63566323215446
hockey,18,whistle,165.90388007054673
hockey,19,jackets,157.172096908939
hockey,20,blues,157.172096908939
FortNiteBR,1,fortnitebr,5814.8925594319235
FortNiteBR,2,fpt,737.7102500771844
FortNiteBR,3,inquire,629.2234485952454
FortNiteBR,4,siphon,520.7366471133065
FortNiteBR,5,bouncers,477.34192652053105
FortNiteBR,6,bipass,433.9472059277555
FortNiteBR,7,ballers,347.1577647422044
FortNiteBR,8,contacting,216.97360296387774
FortNiteBR,9,drum,199.61571472676755
FortNiteBR,10,chitauri,184.4275625192961
FortNiteBR,11,bypass,179.77812817007012
FortNiteBR,12,strictly,130.18416177832665
FortNiteBR,13,rune,130.18416177832665
FortNiteBR,14,prohibited,119.33548163013276
FortNiteBR,15,fov,119.33548163013276
FortNiteBR,16,volcano,104.14732942266131
FortNiteBR,17,restriction,86.7894411855511
FortNiteBR,18,challenges,80.11333032512408
FortNiteBR,19,planes,60.752608829885766
FortNiteBR,20,captured,60.752608829885766
videos,1,waived,498.08216216216215
videos,2,zendesk,498.08216216216215
videos,3,attribution,355.772972972973
videos,4,inconvenience,128.07827027027028
videos,5,chalk,81.31953667953668
videos,6,indirect,71.1545945945946
videos,7,videos,69.55201363525688
videos,8,valve,55.907181467181466
videos,9,requires,45.99016479894528
videos,10,prevention,45.280196560196565
videos,11,hank,44.47162162162162
videos,12,minimum,27.081226300927792
videos,13,automoderator,25.57118243243243
videos,14,method,25.035875875875874
videos,15,subreddits,22.469871977240402
videos,16,assistance,22.23581081081081
videos,17,youtu,22.136984984984984
videos,18,submit,21.79510104699294
videos,19,requirement,21.655746180963572
videos,20,determined,21.022948402948405
gaming,1,exclusives,350.58323178162317
gaming,2,steam,141.75756763343895
gaming,3,sega,121.94199366317328
gaming,4,eggman,66.05191323421887
gaming,5,hedgehog,59.79847766174844
gaming,6,sonic,59.719726374222
gaming,7,robotnik,54.87389714842798
gaming,8,mario,51.963917754193155
gaming,9,pikachu,51.10804146177116
gaming,10,gaming,51.00458388796191
gaming,11,carrey,40.64733122105777
gaming,12,pokemon,38.10687301974165
gaming,13,epic,21.49910149471992
gaming,14,jim,21.404711653642117
gaming,15,console,21.034993906897395
gaming,16,bros,19.881846792908686
gaming,17,souls,18.29129904947599
gaming,18,design,15.049803015391639
gaming,19,controller,13.972520107238607
gaming,20,games,12.879790269554602
dankmemes,1,dankmemes,9206.198502227699
dankmemes,2,dank,5365.822092141435
dankmemes,3,ora,1177.5370177267987
dankmemes,4,treshold,1016.9637880367808
dankmemes,5,specifying,1016.9637880367808
dankmemes,6,dankmemesreddit,802.86614845009
dankmemes,7,oncologist,535.2440989667267
dankmemes,8,breaks,267.62204948336336
dankmemes,9,threshold,254.2409470091952
dankmemes,10,specify,254.2409470091952
dankmemes,11,normie,240.859844535027
dankmemes,12,exceed,203.39275760735617
dankmemes,13,helping,190.22864598412042
dankmemes,14,meme,174.53611922828046
dankmemes,15,meantime,172.4675430003897
dankmemes,16,muted,169.4939646727968
dankmemes,17,automated,169.4939646727968
dankmemes,18,keeping,141.30444212721585
dankmemes,19,lowered,127.1204735045976
dankmemes,20,spammers,70.13543365770902
unpopularopinion,1,elaboration,868.4472834346504
unpopularopinion,2,spaces,144.74121390577508
unpopularopinion,3,opinions,127.93908697685295
unpopularopinion,4,programmed,100.00302051671733
unpopularopinion,5,megathread,87.37106003039513
unpopularopinion,6,controversial,82.10774316109422
unpopularopinion,7,unpopular,72.37060695288754
unpopularopinion,8,elaborate,71.43072894051238
unpopularopinion,9,formatting,63.15980243161094
unpopularopinion,10,unreliable,55.92274173632219
unpopularopinion,11,removing,47.49822540588628
unpopularopinion,12,trial,43.86097391084093
unpopularopinion,13,badly,35.88625138159713
unpopularopinion,14,abortions,26.31658434650456
unpopularopinion,15,alcohol,25.172385027091313
unpopularopinion,16,written,23.81024298017079
unpopularopinion,17,political,23.700315727261415
unpopularopinion,18,vibrator,21.930486955420466
unpopularopinion,19,sentences,21.303901613837024
unpopularopinion,20,caught,21.05326747720365
nfl,1,qbs,739.3361321212963
nfl,2,redskins,466.9491360766081
nfl,3,eli,428.0367080702241
nfl,4,tua,428.0367080702241
nfl,5,mariota,389.1242800638401
nfl,6,flacco,389.1242800638401
nfl,7,gettleman,389.1242800638401
nfl,8,nfl,272.3869960446881
nfl,9,eagles,252.93078204149606
nfl,10,rosen,233.47456803830406
nfl,11,draft,185.58234895352376
nfl,12,booger,155.64971202553605
nfl,13,brady,132.30225522170565
nfl,14,peyton,129.70809335461337
nfl,15,raiders,116.73728401915203
nfl,16,chiefs,100.06052915927319
nfl,17,lions,97.28107001596003
nfl,18,giants,74.58215367890269
nfl,19,drafted,73.93361321212963
nfl,20,patriots,71.33945134503735
nba,1,harden,2499.3839732230754
nba,2,giannis,2376.6463673951566
nba,3,kyrie,1673.6946249261666
nba,4,draymond,1539.7990549320732
nba,5,steph,1472.8512699350267
nba,6,middleton,1138.1123449497934
nba,7,capela,1004.2167749557
nba,8,threes,870.3212049616066
nba,9,klay,803.3734199645601
nba,10,horford,736.4256349675134
nba,11,durant,736.4256349675134
nba,12,mirotic,669.4778499704667
nba,13,clippers,669.4778499704667
nba,14,rockets,564.2741878322505
nba,15,lebron,513.2663516440243
nba,16,dislocated,368.2128174837567
nba,17,celtics,349.61621054013256
nba,18,foul,297.54571109798513
nba,19,curry,273.3701220712739
nba,20,houston,254.4015829887773
news,1,hives,471.1203075079872
news,2,stanford,221.70367412140575
news,3,bees,166.2777555910543
news,4,shrimp,101.61418397231097
news,5,sensor,77.596285942492
news,6,bee,55.42591853035144
news,7,mcas,55.42591853035143
news,8,firearm,51.46692434961204
news,9,cocaine,46.18826544195953
news,10,campus,41.569438897763575
news,11,shootings,39.18039068524843
news,12,amendment,30.79217696130635
news,13,meth,29.17153606860602
news,14,shooter,27.71295926517572
news,15,guns,25.29143855268464
news,16,firearms,24.248839357028753
news,17,coke,23.09413272097976
news,18,israel,18.895199498983445
news,19,gun,17.430322795744004
news,20,shooters,16.30174074422101
Animemes,1,roboragi,8761.02440597785
Animemes,2,manga,2859.5010213955484
Animemes,3,animemes,2676.9796796043433
Animemes,4,senko,1764.3729706483173
Animemes,5,kazuma,1399.3302870659068
Animemes,6,subaru,1095.1280507472313
Animemes,7,anilist,1095.1280507472313
Animemes,8,myanimelist,1095.1280507472313
Animemes,9,nihilate,1095.1280507472313
Animemes,10,synonyms,1095.1280507472313
Animemes,11,naofumi,973.4471562197613
Animemes,12,kitsu,851.7662616922911
Animemes,13,kitsune,730.0853671648209
Animemes,14,sewayaki,669.2449199010858
Animemes,15,mal,547.5640253736157
Animemes,16,loli,365.04268358241046
Animemes,17,sama,334.6224599505429
Animemes,18,genres,288.9921245027416
Animemes,19,hentai,243.36178905494032
Animemes,20,jojo,169.0012423992641
aww,1,kitten,437.78484848484845
aww,2,aww,286.2439393939394
aww,3,doggo,235.73030303030302
aww,4,kittens,218.89242424242423
aww,5,pup,215.5248484848485
aww,6,adorable,128.5801652892562
aww,7,pets,104.76902356902357
aww,8,puppy,92.60833333333332
aww,9,cat,76.66608639587363
aww,10,spoil,55.105785123966946
aww,11,handles,44.9010101010101
aww,12,cats,43.92490118577075
aww,13,pet,42.40650953984287
aww,14,promise,37.159456635318705
aww,15,dog,36.80838618745595
aww,16,cute,36.4247990105133
aww,17,lab,33.67575757575757
aww,18,dogs,24.985239491691104
aww,19,approved,22.45050505050505
aww,20,animals,17.05101649405447
leagueoflegends,1,leagueoflegends,2669.8338947755256
leagueoflegends,2,lux,1334.9169473877628
leagueoflegends,3,subredditrules,958.4019109450603
leagueoflegends,4,tahm,855.7159919152324
leagueoflegends,5,pvb,855.7159919152324
leagueoflegends,6,riven,787.2587125620139
leagueoflegends,7,faker,684.572793532186
leagueoflegends,8,msi,581.8868745023581
leagueoflegends,9,adc,581.8868745023581
leagueoflegends,10,garena,581.8868745023581
leagueoflegends,11,vayne,547.6582348257488
leagueoflegends,12,ezreal,513.4295951491395
leagueoflegends,13,yasuo,479.20095547253015
leagueoflegends,14,yuumi,444.9723157959209
leagueoflegends,15,akali,444.9723157959209
leagueoflegends,16,perkz,342.286396766093
leagueoflegends,17,thresh,342.286396766093
leagueoflegends,18,kench,342.286396766093
leagueoflegends,19,mana,342.286396766093
leagueoflegends,20,prestige,342.286396766093
pics,1,squid,810.3841597563039
pics,2,vermont,154.9263834828228
pics,3,pics,59.892645291189886
pics,4,shootings,16.50103492716456
pics,5,socialism,9.363682518192586
pics,6,facebook,8.193222203418513
pics,7,regarding,8.159670924944237
pics,8,photo,8.067172631058229
pics,9,guidelines,7.944942742708862
pics,10,shame,7.627145033000509
pics,11,mass,7.09135385299634
pics,12,giant,6.951824899870255
pics,13,russia,5.633686672102648
pics,14,beautiful,5.296628495139242
pics,15,awesome,5.219305451414581
pics,16,gay,4.907170517555474
pics,17,wikipedia,4.634549933246837
pics,18,guns,4.5021342208683555
pics,19,picture,4.434386647093318
pics,20,america,3.5081565357415756
Showerthoughts,1,showerthoughts,8167.71678576637
Showerthoughts,2,misc,614.1140440425842
Showerthoughts,3,crazyideas,409.40936269505613
Showerthoughts,4,lightbulb,409.40936269505613
Showerthoughts,5,unoriginal,278.3983666326382
Showerthoughts,6,messaging,270.21017937873705
Showerthoughts,7,inquiries,231.99863886053183
Showerthoughts,8,phenomena,204.70468134752807
Showerthoughts,9,participation,169.6124502593804
Showerthoughts,10,perspectives,81.88187253901123
Showerthoughts,11,ensure,80.64123810660196
Showerthoughts,12,gen,71.64663847163483
Showerthoughts,13,requests,69.59959165815955
Showerthoughts,14,unique,66.37394213389547
Showerthoughts,15,millennial,52.10664616118897
Showerthoughts,16,millennials,51.176170336882016
Showerthoughts,17,premise,43.499744786349716
Showerthoughts,18,faq,38.5675486596792
Showerthoughts,19,submitted,34.79979582907978
Showerthoughts,20,google,33.731211643429155
wallstreetbets,1,qcom,1336.8986430921052
wallstreetbets,2,aapl,1046.2685032894735
wallstreetbets,3,tsla,813.7643914473684
wallstreetbets,4,otm,755.6383634868421
wallstreetbets,5,powell,639.3863075657895
wallstreetbets,6,bynd,639.3863075657895
wallstreetbets,7,fds,581.2602796052631
wallstreetbets,8,earnings,426.25753837719304
wallstreetbets,9,tendies,348.75616776315786
wallstreetbets,10,spy,327.6194303229665
wallstreetbets,11,wsb,290.63013980263156
wallstreetbets,12,shares,240.80783012218046
wallstreetbets,13,dis,213.12876918859652
wallstreetbets,14,amd,145.31506990131578
wallstreetbets,15,stocks,132.859492481203
wallstreetbets,16,tesla,103.33516081871345
wallstreetbets,17,dip,93.0016447368421
wallstreetbets,18,trades,81.37643914473684
wallstreetbets,19,stock,73.51232947948915
wallstreetbets,20,calls,68.74520614562248
The_Donald,1,whiskey,180.40505786540936
The_Donald,2,spying,57.27144694139979
The_Donald,3,islam,43.173860001978305
The_Donald,4,muslims,37.58438705529362
The_Donald,5,pope,33.408344049149875
The_Donald,6,catholic,23.68955305303355
The_Donald,7,traits,22.272229366099918
The_Donald,8,cnn,20.7362135477482
The_Donald,9,democrat,17.639605657951133
The_Donald,10,leftist,16.81194087634639
The_Donald,11,socialist,14.667077875236533
The_Donald,12,japan,13.132935246907195
The_Donald,13,obama,12.660004060730481
The_Donald,14,socialism,11.564426786244189
The_Donald,15,barr,10.38877409634694
The_Donald,16,dems,9.846669825012595
The_Donald,17,hillary,9.778051916824355
The_Donald,18,fbi,9.778051916824355
The_Donald,19,east,9.586742205408225
The_Donald,20,biden,9.371691317683602
RoastMe,1,roastme,2874.6817697228144
RoastMe,2,roastee,1134.742803837953
RoastMe,3,earrings,416.07236140724945
RoastMe,4,roast,295.0331289978678
RoastMe,5,eyebrows,252.16506751954515
RoastMe,6,forehead,245.8609408315565
RoastMe,7,roasting,196.6887526652452
RoastMe,8,roasted,138.69078713574984
RoastMe,9,lesbian,75.64952025586355
RoastMe,10,virgin,36.180205339760825
RoastMe,11,photo,18.602341046523822
RoastMe,12,nose,17.65155472636816
RoastMe,13,hair,15.242813782897876
RoastMe,14,five,14.289353826107558
RoastMe,15,gender,12.267489771221115
RoastMe,16,face,11.982311719013845
RoastMe,17,picture,10.545084641726433
RoastMe,18,sign,10.455624750810406
RoastMe,19,pussy,8.596536392711766
RoastMe,20,cat,8.359063011697629
marvelstudios,1,wanda,165.6455823888922
marvelstudios,2,carol,132.51646591111376
marvelstudios,3,ragnarok,132.51646591111373
marvelstudios,4,marvelstudios,132.51646591111373
marvelstudios,5,odin,124.23418679166915
marvelstudios,6,thor,107.93679884695555
marvelstudios,7,natasha,99.38734943333532
marvelstudios,8,loki,93.36387371010287
marvelstudios,9,tony,91.85800477929477
marvelstudios,10,peggy,88.34431060740916
marvelstudios,11,avenger,79.50987954666824
marvelstudios,12,mcu,79.1417782524707
marvelstudios,13,nebula,78.09006026904918
marvelstudios,14,snapped,71.35502010598434
marvelstudios,15,avengers,69.57114460333472
marvelstudios,16,thanos,67.60130524519654
marvelstudios,17,hulk,67.40061628237682
marvelstudios,18,cap,64.08583187504682
marvelstudios,19,russo,61.525502030159956
marvelstudios,20,guardians,59.63240966000119
asoiaf,1,protip,220.3247500757346
asoiaf,2,asoiaf,203.49438722272714
asoiaf,3,parentheses,146.88316671715643
asoiaf,4,typos,146.88316671715643
asoiaf,5,hbo,44.58953275342248
asoiaf,6,confuse,44.06495001514693
asoiaf,7,lyanna,36.72079167928911
asoiaf,8,euron,35.64076839460413
asoiaf,9,mel,30.044284101236542
asoiaf,10,extended,27.26240594371464
asoiaf,11,grrm,26.229136913777932
asoiaf,12,undead,22.838541166387124
asoiaf,13,published,22.351786239567282
asoiaf,14,westeros,20.327581108177895
asoiaf,15,cersei,19.38857800666465
asoiaf,16,lore,18.360395839644553
asoiaf,17,runners,18.360395839644553
asoiaf,18,dragonglass,17.56211775966001
asoiaf,19,themes,17.442376047662325
asoiaf,20,jaime,17.321128150608068
soccer,1,ajax,2122.74412855377
soccer,2,liverpool,1143.0160692212608
soccer,3,suarez,1061.372064276885
soccer,4,barca,836.8510506798516
soccer,5,klopp,693.974042027194
soccer,6,salah,653.1520395550061
soccer,7,offside,612.3300370828183
soccer,8,tottenham,571.5080346106304
soccer,9,dijk,530.6860321384426
soccer,10,barcelona,489.86402966625457
soccer,11,pogba,489.86402966625457
soccer,12,midfield,489.86402966625457
soccer,13,neymar,449.04202719406675
soccer,14,juve,449.04202719406675
soccer,15,milner,449.04202719406675
soccer,16,chelsea,408.2200247218788
soccer,17,ucl,408.2200247218788
soccer,18,messi,346.98702101359703
soccer,19,spurs,340.18335393489906
soccer,20,madrid,187.78121137206426
movies,1,helms,88.107573668792
movies,2,popcorn,53.39852949623758
movies,3,films,45.3236299138797
movies,4,film,24.16064613272389
movies,5,movies,21.18141670017424
movies,6,theater,18.60335866320535
movies,7,widow,16.612875843273912
movies,8,hollywood,16.019558848871274
movies,9,studio,16.019558848871274
movies,10,director,14.875304645380469
movies,11,movie,14.383758825571038
movies,12,horror,13.930051172931542
movies,13,blade,13.052973876858074
movies,14,native,12.928065035931205
movies,15,timeline,12.152768781902346
movies,16,marvel,11.040506774222093
movies,17,trailer,10.225250329066771
movies,18,captain,10.194264722008992
movies,19,peggy,9.42326991110075
movies,20,budget,9.154033627926443
Pikabu,1,pikabu,10498.897009966779
Pikabu,2,youtube,97.06222197195788
Pikabu,3,watch,36.70943010477894
Pikabu,4,compose,6.440250895575253
